dataset	method	prune	mean_n_seqs	mean_sobs	sd_sobs	cv_sobs	mean_shannon	sd_shannon	cv_shannon	mean_invsimpson	sd_invsimpson	cv_invsimpson
bioethanol	pc	1	3688	133.07354631578949	4.923963728125533	0.037002165089508696	2.422401862842105	0.016070343311294838	0.006634094771576788	6.37915673168421	0.0744447299752452	0.011669970443650672
bioethanol	pc	2	3603.36	79.77008947368421	21.153591203207498	0.2651919848666026	2.323202231894737	0.04275025530616758	0.018401774652509393	6.197100669894737	0.10054088792641801	0.016224764790753098
bioethanol	pc	3	3576.68	65.39682736842106	23.381370881873053	0.35754011979717737	2.2897151644210525	0.05259354071523915	0.02296979577192233	6.1346959083157895	0.11495928244014061	0.018740127839493366
bioethanol	pc	4	3560.75	57.68300631578948	23.351073996902148	0.4048244950960231	2.2693262983157894	0.05718745471669699	0.025200505100903166	6.096184875263158	0.12294209525867918	0.020167993045994058
bioethanol	pc	5	3550.27	52.56361578947369	22.722253305937794	0.43228736895749154	2.2545756462105264	0.059595937373901335	0.026433633888482272	6.067792255578947	0.12773897682269908	0.02105291302969765
bioethanol	pc	6	3541.72	48.81468210526316	21.94534522302254	0.4495700481618722	2.2429192068421053	0.06116019393238901	0.02726843946024462	6.045005955157895	0.13148883575302164	0.02175261935680061
bioethanol	pc	7	3534.76	45.85735052631579	21.128361281561332	0.4607474754295625	2.233202942842105	0.062210311279743434	0.027857348023025724	6.025746220947369	0.13426542529300278	0.022282998133244497
bioethanol	pc	8	3527.97	43.46228315789474	20.364397002823175	0.46855721899162733	2.2249031430526314	0.06298516434726918	0.028309507639702466	6.00924265	0.13661034467563446	0.022734385031306672
bioethanol	pc	9	3523.01	41.47687684210526	19.649011190429377	0.4737392558933668	2.217674217894737	0.06355748445619679	0.028659878239085786	5.994503302	0.13853271767699685	0.023110956243765513
bioethanol	pc	10	3516.8	39.781212631578946	18.970347456823124	0.47687267569063924	2.2112353805263156	0.06405770380163107	0.02896957208076043	5.9814760174736845	0.14035728512119186	0.023466384763323113
bioethanol	pc	11	3509.9	38.31740105263158	18.355503377010567	0.47904395729702204	2.2053493048421053	0.06467682812872706	0.029327656208719948	5.9692821298947365	0.14243854625185112	0.02386307425194808
human	pc	1	10523	1083.053216122449	12.466510534917946	0.011510516189477663	5.362072084489796	0.010904377668491776	0.002033612652275079	83.59792532308163	1.2488579100260997	0.014938885702180993
human	pc	2	9946.49	721.9053675510204	85.63231951710256	0.11861988116355009	5.189768979061225	0.044844279364094214	0.008640906079189948	78.03944160889796	1.784684391066556	0.022869169807216507
human	pc	3	9684.55	604.7545377551021	104.92843837121013	0.17350581786870273	5.118601282959184	0.06550780443656494	0.012797994585973317	75.78021087969388	2.328269012141676	0.030724168028582577
human	pc	4	9494.3	531.5779955102041	110.62982158108305	0.20811582325085676	5.065805065306122	0.0798119180977983	0.015755037809262695	74.08538171155102	2.752139861226526	0.037148413599894174
human	pc	5	9330.43	479.49004591836734	111.33345349186523	0.23219127209280213	5.022593062897959	0.09086220836177622	0.01809070263112802	72.68695859983673	3.1000765672821573	0.04264988393665085
human	pc	6	9177.13	439.7521412244898	110.08743736757688	0.2503396750035796	4.985365455326531	0.10026236348259077	0.020111342819248725	71.4735614957347	3.410870844369785	0.04772232973202682
human	pc	7	9031.27	408.1262036734694	108.0116709674032	0.26465261117847017	4.952376047183673	0.10858829931375207	0.02192651211194583	70.39027090206122	3.6900165846477044	0.052422441032333934
human	pc	8	8882.82	382.0957765306122	105.66282069024092	0.27653490569813205	4.922391789122449	0.11649404385079488	0.023666154085216516	69.4016916942449	3.961023628489055	0.057074056600760405
human	pc	9	8737.53	360.1240142857143	103.30323439876447	0.28685451468081336	4.8946501541224485	0.12422746514551787	0.025380262358655363	68.48545399581633	4.228202257005053	0.06173888345819355
human	pc	10	8605.48	341.24150367346937	101.14353588690406	0.29639863350006374	4.8685876497755105	0.13203871573946363	0.027120548037920026	67.61897068216327	4.497636422455731	0.06651462970663867
human	pc	11	8477.68	324.7291106122449	99.16411708391165	0.30537489518102595	4.843856037714286	0.13996107299400376	0.02889456775418031	66.7966955740204	4.769145245830795	0.07139813085347078
lake	pc	1	15347	2994.2828692307694	22.844078009739484	0.007629307578709332	5.992227075769231	0.011055166701654314	0.0018449222711193992	86.62901918846154	1.1124009277062492	0.012840748202777875
lake	pc	2	13150.32	1291.7371865384616	174.77841454581548	0.13530589142263605	5.424022117115385	0.06979990491651357	0.012868714149086127	68.70534462230769	2.037183179087087	0.029652572072839188
lake	pc	3	12629.66	1023.9123942307692	188.00979244595985	0.18361964818027798	5.3029647276923075	0.09407700920069301	0.01774051854302295	65.42884441576923	2.5816560665968797	0.039459182119989764
lake	pc	4	12275.21	871.3591365384615	184.97728970180876	0.21228694912109886	5.22135532826923	0.11055532959558623	0.02117375357680981	63.2592498475	2.968144955245001	0.046921920456804156
lake	pc	5	11986.21	766.5465038461539	177.72030447449998	0.23184584130197966	5.157113997115385	0.1234164125789326	0.0239313529967096	61.56425764615385	3.274581085647924	0.053191161098305455
lake	pc	6	11744.76	688.2163596153846	169.35856833664675	0.24608408988914052	5.1031585325	0.13387576762539263	0.026233976979958176	60.14886063576923	3.5241033917103892	0.05859128049571567
lake	pc	7	11530.74	626.5630673076923	160.64480809529553	0.25639100709536505	5.056224094230769	0.14250073787221318	0.02818330364845368	58.927176217884615	3.732198235976339	0.06333728989167836
lake	pc	8	11339.01	576.1778884615385	152.28655805865563	0.264305510278017	5.01403157326923	0.15001770428605843	0.02991964433860074	57.83119654307692	3.910524945348992	0.06762094499749582
lake	pc	9	11150.13	534.0885807692308	144.41476012165373	0.2703955983320245	4.975686903461538	0.15683994693925166	0.0315213434057985	56.840151051346155	4.070382390643238	0.07161244342661911
lake	pc	10	10983.81	498.36672115384613	137.15242472642828	0.2752040544012233	4.940452601730769	0.16299160804430352	0.03299130516664372	55.93102076480769	4.2119421729109945	0.07530741323827696
lake	pc	11	10818.91	467.5441596153846	130.48932930025728	0.27909529893797064	4.907637365961539	0.16894112872651965	0.034424220509728626	55.08731743826923	4.349332625394521	0.07895509189508247
marine	pc	1	133516	13541.679271428571	77.12133357893063	0.00569522810819653	5.836373561428571	0.006410673691269482	0.0010984024754930532	45.48284067142857	0.32895911414952633	0.0072325808748111954
marine	pc	2	122803.74	3446.166357142857	339.49544157562843	0.09851401127588513	5.270174414285714	0.021144519801530665	0.004012154351992867	38.88054552	0.3493553797455096	0.008986510931608278
marine	pc	3	120981.68	2431.4198714285712	298.70487195542523	0.12285093366360113	5.18015032	0.027786213068121856	0.005364017417493286	37.89368922	0.3959985488022525	0.01045160438487009
marine	pc	4	119722.19	1920.7014285714286	252.35721705872143	0.13138938578626927	5.119253645714286	0.03171856884000683	0.00619598093627658	37.21343831	0.432634861408882	0.011627187563558593
marine	pc	5	118759.23	1610.6695857142856	215.09335493209545	0.13354372706702897	5.072584471428572	0.034139731739065475	0.006730294882637756	36.68512493857143	0.4593490214929679	0.012522998818511795
marine	pc	6	117954.28	1402.2496428571428	187.23586796822926	0.13352559176812298	5.034617537142857	0.03598190501263742	0.007146956498541024	36.24846107	0.4806754584995091	0.013262189061994728
marine	pc	7	117257.14	1251.1830857142857	166.20722050433116	0.13284018980609932	5.002364362857143	0.03750844327652944	0.007498200147686573	35.87508064285714	0.4983409509284125	0.0138927207316663
marine	pc	8	116648.21	1136.9176142857143	150.09013116719893	0.1320149312023774	4.974382394285715	0.03883466433404644	0.007806993180517348	35.54646613857143	0.515972874832567	0.014517212601286831
marine	pc	9	116086.29	1046.6425142857142	137.48537366474827	0.13135672470314183	4.9494327685714286	0.04010858609966071	0.008103713548367584	35.250545654285716	0.5325204371512873	0.015108545401420793
marine	pc	10	115567.89	973.1594428571428	127.76950821045867	0.1312919269774478	4.926844692857143	0.0414155638142268	0.00840614304514707	34.98161353857143	0.5490016242244529	0.015695719197232155
marine	pc	11	115074.39	911.4246285714286	120.09368901319374	0.13176384714703265	4.9059571942857145	0.042805362192763576	0.008725224145410508	34.73054450857143	0.5663170202215626	0.01630761000361603
mice	pc	1	1804	212.09222413793103	4.886812056033551	0.023040999634630223	3.8586607841091953	0.023561712356508183	0.006106185685207851	22.66056149632184	0.4727522901815595	0.02086226831974715
mice	pc	2	1698.16	148.11454626436782	12.431665775376933	0.08393329077297818	3.6901974726724136	0.040857533894993525	0.011071968909246261	21.110386823994254	0.5255161890830189	0.02489413783183627
mice	pc	3	1641.89	130.1839712643678	16.522600507801574	0.12691768660962763	3.6318703849712644	0.060415220217023946	0.01663481986176306	20.588158880632182	0.6551374230080435	0.03182162533368563
mice	pc	4	1589.19	117.62419971264367	19.063175517858173	0.16206832044541086	3.583600356034483	0.07982110901788746	0.022274089715591087	20.15362574454023	0.8086457507468083	0.04012470314969343
mice	pc	5	1538.03	107.67429022988506	20.796651489868434	0.19314428771451914	3.539257915948276	0.09906509170454399	0.027990462071801923	19.751915849109196	0.9716194909183876	0.04919175572323153
mice	pc	6	1495.63	99.48562241379311	22.101254126008566	0.22215534520323013	3.4976082368390804	0.11804334427085163	0.03374985235396614	19.372433969224137	1.1351552864397483	0.05859702905124461
mice	pc	7	1458.15	92.4900408045977	23.097495267683975	0.24972938345251378	3.457692273448276	0.13642141326609586	0.03945456301218572	19.008459299827585	1.2940461490157362	0.06807798166634278
mice	pc	8	1427.66	86.37259683908046	23.84401289487381	0.2760600174249639	3.4190317697413795	0.1535103890305259	0.04489890910544349	18.65529499603448	1.4398998805314511	0.07718512301543398
mice	pc	9	1401.51	80.95786206896551	24.39916696472553	0.30138131656478817	3.3816332808908047	0.1694584808582437	0.050111563124336504	18.31551034758621	1.5747735324966639	0.08598092964065078
mice	pc	10	1376.93	76.11577586206897	24.745757995051	0.32510710097167694	3.34554909387931	0.18371704920981877	0.054914017163913295	17.989156788103447	1.6931435342138224	0.09412086627647363
mice	pc	11	1357.07	71.76572212643678	24.958031736494487	0.347771442991457	3.3107188497701148	0.19658812015181762	0.05937944402592275	17.67538440954023	1.7981964874471963	0.10173511638034556
peromyscus	pc	1	4464	964.6400774774775	11.718768286753063	0.012148259269271669	5.631545251351351	0.019015128901367813	0.0033765468158527896	69.72177164405406	2.228088855552853	0.03195705994582743
peromyscus	pc	2	3939.19	627.2803675675675	73.65397964143772	0.11741780011987521	5.330727620810811	0.0779287745522767	0.014618844683928925	59.96138037927928	2.9916177865778053	0.049895162736408066
peromyscus	pc	3	3661.77	505.4122945945946	90.89344848463456	0.17983965929494838	5.181410190990991	0.12252334076622996	0.023646799834189405	55.5204888409009	3.975137517838947	0.07160059829353933
peromyscus	pc	4	3448.35	426.9410018018018	94.63251457744806	0.22165141051853948	5.0616456806306305	0.15487545779946416	0.030597943754238455	52.08250678513514	4.686503037123814	0.0899852561693572
peromyscus	pc	5	3273.75	370.9273801801802	93.2038312068245	0.25127129720592567	4.9597742897297294	0.1795305697470318	0.03619746584936372	49.24521520468468	5.18732134359294	0.10533981719231025
peromyscus	pc	6	3121.5	328.7277189189189	90.02191516285414	0.2738492236989215	4.870663527837838	0.2000670009992051	0.04107607592304726	46.844131617117114	5.5678521172313165	0.11886214933680699
peromyscus	pc	7	2981.76	295.36672252252254	86.383821990912935	0.2924620751741729	4.789942395135135	0.21915427121846717	0.0457531624634617	44.73522801045045	5.893017581691918	0.13173395257704548
peromyscus	pc	8	2847.78	268.3691297297297	82.7746522618186	0.3084349525613566	4.715902701801802	0.2376017229888221	0.0503832434748754	42.85635545207207	6.176808311170597	0.1441308847559374
peromyscus	pc	9	2732.43	246.14002612612612	79.52339673071646	0.32308128925807295	4.647518662252252	0.25582169098780433	0.05504498286590845	41.17493789243243	6.434823593186683	0.15628297135735292
peromyscus	pc	10	2629.07	227.33386036036035	76.57593388936598	0.33684316167012496	4.583135376846847	0.2735708214754382	0.0596909927839067	39.633465332612616	6.667366457513366	0.1682286503866663
peromyscus	pc	11	2531.07	211.23143603603603	73.95328006151561	0.3501049838811085	4.522194299189189	0.2913561257182189	0.06442831351316539	38.21437038153153	6.876082547428196	0.1799366403098098
rainforest	pc	1	4932	2066.5198536231883	18.892702014348657	0.00914231109226667	6.781337268985507	0.017369525821597308	0.002561376536823253	302.30947170405796	9.476138686634966	0.03134602662970945
rainforest	pc	2	3397.09	861.7393623188406	110.1234185440111	0.12778997586776852	5.957916983623188	0.10971665796316467	0.018415348044586388	176.71758742086956	13.995619279818213	0.07920073058223183
rainforest	pc	3	2949.63	596.5947507246377	114.36549186753481	0.19169374338726172	5.652419373043478	0.15161438535682042	0.02682301556925618	145.47394343826087	15.613477106821376	0.1073313029600592
rainforest	pc	4	2672.34	461.4930869565217	108.6538409549703	0.23543749370127803	5.446168598550725	0.17827290974233712	0.03273376986764599	127.29358453710145	16.174132003862102	0.12706472127361002
rainforest	pc	5	2470.18	377.3096144927536	101.291622258058	0.26845343407546196	5.2864285063768115	0.1980218536171992	0.03745866521681673	114.57077962115942	16.38476922522203	0.1430127702430212
rainforest	pc	6	2303.28	318.8482985507246	93.9458110349657	0.2946360636358488	5.153589274057971	0.21386650421846848	0.04149870566510473	104.82702571072464	16.401864377097255	0.15646921542725067
rainforest	pc	7	2171.82	275.8276724637681	87.54487907803335	0.3173839010371769	5.03910661115942	0.2273522170541641	0.04511774782246955	96.9647523010145	16.366285131751777	0.16878876824761352
rainforest	pc	8	2059.68	242.89659855072463	81.69002245594346	0.3363115794020689	4.938610121884058	0.23842485780011216	0.04827788619717835	90.4574267931884	16.23024033134083	0.1794264978064272
rainforest	pc	9	1969.6	216.83160869565216	76.59474947018445	0.3532427598229362	4.8487835894202895	0.24788926819228616	0.05112421783124458	84.93872373086957	16.0671137172049	0.1891642182509278
rainforest	pc	10	1889.5	195.63420434782608	71.95843873407217	0.36781795282611274	4.767073136811594	0.2560760670980663	0.05371791246809366	80.15049176710144	15.878268753296819	0.19810948068058612
rainforest	pc	11	1815.3	178.0461927536232	67.72167938119563	0.38035812461439605	4.692091928695652	0.26309192380205587	0.056071589472020116	75.94445597463768	15.642020822257294	0.20597041025611654
rice	pc	1	2776	1947.1002424489795	6.958543012349735	0.003573795147767421	7.343358969387755	0.00678669202441537	9.241944382616332e-4	1577.435045963347	40.410862476799934	0.0256180965609529
rice	pc	2	1205.59	838.4595242857143	73.3268948039006	0.08742730194406588	6.541842682979592	0.12346207683890269	0.018872150034628898	923.3970079638367	162.6914046471826	0.17618843226872952
rice	pc	3	786.15	554.2064404081633	67.62879969626715	0.1219315460964625	6.146053935244898	0.18218620784052292	0.029640493903550124	729.526660859551	178.85605715878188	0.24516729904035203
rice	pc	4	569.37	407.1674951020408	57.4853457604996	0.1410032822659851	5.849303649816327	0.21976487246398357	0.037566089206697593	613.8985807659795	177.6531982891573	0.28938485622997756
rice	pc	5	425.92	310.446242244898	47.22400501655852	0.1517828266306148	5.588656316040816	0.24563636800025132	0.04394195126781864	534.9508346643878	172.8197318746974	0.32305624571769775
rice	pc	6	327.61	243.57372959183672	38.693297984126716	0.15840152679050665	5.355339101163265	0.2652424089287788	0.049512748990463144	476.96705669483674	167.27086192281686	0.3506934036334124
rice	pc	7	255.65	193.97468224489796	31.625504318792085	0.1623285222743946	5.135433796877551	0.2810275903726135	0.05469562502674232	432.91512099206125	162.33854271642653	0.3749786336191031
rice	pc	8	203.58	157.3212530612245	26.112967337199944	0.16491019030217283	4.931605789857143	0.2942008000301539	0.05960833721827677	398.6341080547959	158.54779176726367	0.39768197324709575
rice	pc	9	165.81	130.15029285714286	21.931341706971182	0.16722024817749934	4.746508337020408	0.30677088631240945	0.06457021284656898	371.30056264157145	156.00127158289305	0.4199981045360469
rice	pc	10	134.53	107.38404979591837	18.199662938480053	0.16782082524661993	4.558110990020408	0.3155063780906888	0.0691368354945698	351.2228905521837	155.96123320692965	0.44367052134959073
rice	pc	11	110.87	89.7740387755102	15.317182399069782	0.16859605876124767	4.381369359163266	0.32441987421350726	0.07394642266278248	336.2291094857551	157.4006413271018	0.4677060807680785
seagrass	pc	1	1803	1055.3567493006992	8.227560551500783	0.007795997134261675	6.414701972587412	0.01771295541964097	0.002761304570717058	211.20135650727272	10.272131454641356	0.0486360252189821
seagrass	pc	2	952.63	420.963691958042	54.025190133629735	0.1283145908578446	5.459111985979021	0.1609921384149792	0.029490375722455654	102.23222717657343	14.875204420587487	0.14550660065715182
seagrass	pc	3	757.65	307.2075066433566	56.52053391994069	0.18392790585860772	5.151292364370629	0.22795606544561867	0.04425165741550699	82.74559006835665	15.912617258867245	0.19230945038989009
seagrass	pc	4	646.08	247.8578506993007	54.8796552771644	0.2213069209912302	4.9422804701748255	0.2750278918234443	0.05564670340428098	71.76881189856643	16.105829638819344	0.22441438605167832
seagrass	pc	5	567.64	209.34944545454545	52.36902437851635	0.24999624523703715	4.7781147783916085	0.3127920777876724	0.06546169243563825	64.24552011010489	16.091897580767004	0.2504764487139797
seagrass	pc	6	505.89	181.37085524475523	49.44826351704684	0.2724724497244333	4.639397606118881	0.3431140181723599	0.0739547084534093	58.55755336846154	15.941757836099475	0.2722418130213328
seagrass	pc	7	455.73	159.8569034965035	46.54286898931341	0.29095573887342263	4.517451869055944	0.3689477097196287	0.08166925320257575	53.98989968552448	15.717830021313016	0.29112632522378395
seagrass	pc	8	416.88	143.18386363636364	44.01039145149554	0.3070999519460659	4.409805809195804	0.39182429070833763	0.08884920004146478	50.191207882377626	15.447467031942674	0.30777312173213645
seagrass	pc	9	380.56	129.03087587412588	41.34675397910278	0.3201570235275266	4.309313396118881	0.41246501404988006	0.09571072282628343	46.96400029108391	15.178740113694808	0.3231998363357116
seagrass	pc	10	351.27	117.47255734265734	39.05934075733587	0.33211324551058197	4.2175945613986014	0.43161017521421907	0.1023301704282131	44.15916579381119	14.885593948036837	0.3370894937915905
seagrass	pc	11	324.27	107.50171853146853	36.83770184144091	0.34225978047661143	4.131556136608392	0.44937328269349835	0.10876070062827256	41.718427647272726	14.583982055622585	0.34958139451942716
sediment	pc	1	7685	2122.4410896551726	20.501341600766292	0.009659356324843844	5.936076512586207	0.020230101510169945	0.0034079993616905175	48.20510790810345	1.3971351027016656	0.028983461691562372
sediment	pc	2	6210.62	1047.2249620689656	177.70001012459554	0.16968717840856223	5.306396514137931	0.13403477139384376	0.025259209530494642	36.068633159827584	2.4259989078621733	0.0672638096061405
sediment	pc	3	5644.38	704.8517896551724	182.13962153620994	0.25840800522454543	4.99191798137931	0.18481422425119923	0.03702280889292754	31.191169268448277	2.823115310825101	0.09051276111469764
sediment	pc	4	5315.64	528.0908965517241	163.92952147594517	0.3104186671288199	4.778640148448276	0.2064068236836941	0.04319377376607399	28.216608776206897	2.8726920442755723	0.1018115261546316
sediment	pc	5	5088.2	421.84738620689654	144.39645855675965	0.34229550205918924	4.621413740344828	0.216168307406562	0.04677545409998957	26.17210741586207	2.8271866215797035	0.10802511692803826
sediment	pc	6	4922	351.7344586206897	127.3523944528335	0.3620706198384375	4.498873890689655	0.22039473254420375	0.04898902639191343	24.66012075810345	2.7542873293438985	0.11169246636113123
sediment	pc	7	4785.38	302.26994310344827	113.13024325945322	0.3742698463642939	4.399106666034482	0.22241327397090374	0.05055892518933811	23.47715182086207	2.6828529291037078	0.11427804912818983
sediment	pc	8	4668.9	265.59344827586204	101.54611483149175	0.38233497395182825	4.314967100689655	0.22383311807850928	0.051873856990463575	22.51047120275862	2.6200242673881644	0.11639444270861424
sediment	pc	9	4569.38	237.52240862068965	91.94851181622083	0.38711438248916213	4.242769391206896	0.22482284197857244	0.05298993256353555	21.701753749310345	2.568078905829509	0.11833853731060048
sediment	pc	10	4474.97	215.28176379310344	84.01575127246429	0.39025797187312095	4.179141980862069	0.22626134258232275	0.05414089356550628	21.005592028793103	2.528491252565126	0.12037554095142994
sediment	pc	11	4390.77	197.16370517241378	77.2270633627473	0.39169091957731983	4.122128705344828	0.22758966206189313	0.055212044234772883	20.39456610948276	2.4935348639169073	0.12226857127053672
soil	pc	1	47806	13861.124933333333	83.69570877976638	0.006038102097114112	7.400062607777778	0.012656812564301729	0.0017103650371318448	159.65064849944446	2.4465831674659997	0.015324347250856091
soil	pc	2	36683.53	2952.41595	152.08359686103785	0.05151137419449163	6.143146685	0.02517492692523874	0.004098062344570808	95.11887471388889	1.623869002076131	0.017072291655097153
soil	pc	3	34597.19	1853.2338722222223	113.71396609917011	0.06136021054888641	5.871063253888889	0.03151216476807522	0.005367393676641981	85.03861177555555	1.6151940842139993	0.018993822357008572
soil	pc	4	33235.64	1362.3766777777778	86.71086109631835	0.06364598833756335	5.690664803888889	0.03453776398129247	0.006069206787712562	78.68910893944445	1.596176924939823	0.020285067717264585
soil	pc	5	32189.24	1081.0170555555555	71.7995986200401	0.06641742102416551	5.553002029444444	0.03747222305399416	0.006748104210409946	74.01877929722222	1.5977734941706858	0.02158664245278975
soil	pc	6	31331.69	897.0654833333333	61.821842902272394	0.06891513203659223	5.440482525555556	0.03984321599026067	0.007323492005713301	70.31220679777778	1.5938270234733622	0.022668432417376656
soil	pc	7	30600.59	765.3549944444444	54.39330052830025	0.07107001954487845	5.343727552777778	0.04181844528370964	0.007825760353602348	67.20812755055556	1.5932474244104666	0.023707318720780024
soil	pc	8	29960.02	666.3337611111111	48.46120872058162	0.07272982928594061	5.258732925555556	0.043280372958923535	0.00823027224383427	64.5452052961111	1.5890339057563576	0.024620056209477256
soil	pc	9	29392.74	589.2099833333333	43.92725483912063	0.07455185663422408	5.182908264444444	0.0447246861370778	0.008629275282882098	62.221746887777776	1.5837650709329922	0.025453850857890828
soil	pc	10	28883.97	527.2805555555556	39.68487558565089	0.07526671407522584	5.114293141111111	0.04543919765119619	0.008884844956285387	60.161846245	1.5622952387595679	0.02596924904918608
soil	pc	11	28432.67	476.65555555555557	36.349132201377294	0.076259295930497	5.051781541111111	0.04625294090631009	0.009155803164786078	58.32119637444445	1.5467829943016704	0.02652232540111597
stream	pc	1	9175	3721.284977114428	15.351056325606164	0.004125206904452838	6.661467901094527	0.0105165054813253	0.0015787077541671501	96.36807805965174	1.288505424109429	0.013370706562726618
stream	pc	2	6082.7	1580.688095522388	213.4946832346665	0.13506346011641618	5.718912507562189	0.16054675461454315	0.028072975651748933	60.03195893815921	4.766787519097154	0.07940459642362066
stream	pc	3	5521.94	1192.6536641791045	216.68090468617555	0.18167800451765764	5.446766001094527	0.19475237301825182	0.03575562062413115	52.65739640298507	4.87997922337206	0.09267452623472977
stream	pc	4	5214.5	996.1851293532338	209.9780009401936	0.21077968768352887	5.28594606079602	0.21287634165646643	0.04027216675183859	48.78753736552239	4.875381170649429	0.09993125528010688
stream	pc	5	4992.98	868.148368159204	201.77035149693256	0.23241162264580603	5.169594804179105	0.22540218632258785	0.04360155607854395	46.18654160084577	4.861404853778674	0.10525635003127079
stream	pc	6	4813.98	774.971847761194	193.49585935115968	0.24967710285652742	5.077517919253731	0.2350686850666653	0.046296011275295076	44.232368353731346	4.842486937587865	0.10947877033276611
stream	pc	7	4664.76	703.2684258706468	185.76887562077138	0.2641467975048994	5.00111252238806	0.24316515787451784	0.048622247476586535	42.677232650497515	4.825596747167153	0.11307226211696389
stream	pc	8	4537.15	645.7810741293532	178.6499118077149	0.2766365140465766	4.935513204029851	0.2501625738194141	0.05068627124446361	41.38283233840796	4.814297092563131	0.11633591544658993
stream	pc	9	4430.91	598.6340119402985	172.26368110475144	0.2877544879814348	4.878171214378109	0.2562861219484473	0.052537372076696016	40.28145459920398	4.801615808561484	0.11920197927514717
stream	pc	10	4335.42	558.8556621890547	166.36643924840567	0.2976854102783399	4.826944458955224	0.2619082939368774	0.05425969876734204	39.31948200860697	4.79191534279093	0.12187162497355869
stream	pc	11	4255.52	524.9012044776119	161.15196441694158	0.307008074507351	4.780716392736318	0.26706428829117534	0.05586288132335508	38.46559139845771	4.786961901563637	0.12444827099926425
bioethanol	otu	1	3688	95.7472052631579	3.862244520516608	0.04033771804697705	2.288586695368421	0.01451189861475895	0.006341020062936167	6.1122202863157895	0.06649181889737008	0.01087847069174098
bioethanol	otu	2	3603.36	60.33382105263158	15.627464849574093	0.2590321160250664	2.2122322708421054	0.03669655159327273	0.016588325223954002	5.970860065263158	0.08949176116176939	0.014988840146908865
bioethanol	otu	3	3576.68	49.56841789473684	17.26687545228061	0.34835806589113066	2.1837733330526317	0.044469984356706266	0.020364130719207566	5.916025347894736	0.10190309500294462	0.017225707182041597
bioethanol	otu	4	3560.75	43.90192526315789	17.116421938271646	0.3898876965634865	2.167013149157895	0.04744583304942061	0.021894844565908463	5.882645122105263	0.10835910315263897	0.018420939511801567
bioethanol	otu	5	3550.27	40.20265157894737	16.524263584069637	0.41103195335125037	2.155177456105263	0.04860199025932397	0.022551548401374355	5.858237180842106	0.11195041922165688	0.019110742548853636
bioethanol	otu	6	3541.72	37.53196105263158	15.8151772558958	0.42138337729736935	2.146028447263158	0.04907154143284528	0.022866491164013156	5.838731252105263	0.11465617717417541	0.019638022799242365
bioethanol	otu	7	3534.76	35.44816947368421	15.084341923446889	0.42553532966345353	2.1385113277894736	0.049188926019928816	0.02300176638096604	5.822309047263158	0.11662856996712884	0.020032216878187133
bioethanol	otu	8	3527.97	33.76948842105263	14.423946417289919	0.4271300708668716	2.1321115021052632	0.049282568649206514	0.023114734308954533	5.808191190105263	0.11840863462612178	0.02038737543211984
bioethanol	otu	9	3523.01	32.379518947368425	13.813498755389475	0.42661549975126367	2.126511636105263	0.04936276670799672	0.023213359499889424	5.795493319157895	0.11994842384416697	0.020697722143234825
bioethanol	otu	10	3516.8	31.184443157894737	13.27005498200431	0.4255400720187756	2.121430849157895	0.0495661442155282	0.023364838830841186	5.784195010105263	0.12144667241749026	0.020997212333071176
bioethanol	otu	11	3509.9	30.143146315789473	12.7845225012242	0.4241330356114757	2.116720232526316	0.04998190440913716	0.02361329083780659	5.7735642276842105	0.12325702975330595	0.02134950579732885
human	otu	1	10523	669.8933504081633	8.143712940283375	0.012156703572454259	4.886286061081632	0.009971369910713674	0.0020406847097591925	60.327925765857145	0.715056707474127	0.011852825248653338
human	otu	2	9946.49	500.31789795918365	50.29043542852917	0.10051708619292918	4.776870027183674	0.034817060116614756	0.007288681936080091	57.46020644389796	1.0791234160650107	0.01878046465951912
human	otu	3	9684.55	429.9524981632653	65.8549119055626	0.15316793158290076	4.721442451183673	0.05314596994390031	0.011256305288538484	56.063441701918364	1.47105505012398	0.02623924777511064
human	otu	4	9494.3	383.1881963265306	71.83823953336196	0.18747508636481808	4.678262336510204	0.06631909785561078	0.014176017970517134	54.97024019908163	1.7813488479513098	0.03240583564029737
human	otu	5	9330.43	348.86334857142856	73.77037644877363	0.21145916637826903	4.642077121040816	0.07662238788909673	0.01650606354531328	54.049695587632655	2.036348388026571	0.03767562340357778
human	otu	6	9177.13	322.1947151020408	73.88968710367259	0.22933239624541593	4.610471451816326	0.08536055533233763	0.018514503418238303	53.24168150957143	2.2597542378518973	0.04244347759158121
human	otu	7	9031.27	300.7080395918367	73.1218004583596	0.2431655375035612	4.582213790877551	0.09305762949236548	0.02030845239287585	52.515731061714284	2.459864096235776	0.046840664206178495
human	otu	8	8882.82	282.8788832653061	71.99148106283532	0.2544958044219487	4.556384511469387	0.10033677842376999	0.02202114841255248	51.85026088059183	2.6531017164358035	0.05116867168927652
human	otu	9	8737.53	267.719096122449	70.75403131890859	0.2642845129502913	4.532358562306122	0.10744766296141238	0.02370679708636397	51.230632835959184	2.843320447769571	0.05550054426857377
human	otu	10	8605.48	254.6241512244898	69.57340443860592	0.27323955758230334	4.509680333020408	0.11463111034651455	0.025418909835492127	50.642670658244896	3.0360919705704768	0.059951416939273444
human	otu	11	8477.68	243.1287106122449	68.49081563533349	0.281706028982149	4.488087673714285	0.12194011484226602	0.027169738068381733	50.08279277542857	3.2310577335825825	0.06451448204486673
lake	otu	1	15347	2009.2987615384616	17.5846654182514	0.008751741734408005	5.498285035	0.01045353808063772	0.001901240292050954	62.833886080576924	0.7423637801714614	0.01181453307567233
lake	otu	2	13150.32	943.6407403846154	116.68887541537389	0.12365958810457076	5.0586911407692305	0.05752882381560613	0.011372332116799005	52.23589998673077	1.373393019674311	0.0262935719907843
lake	otu	3	12629.66	762.5679673076924	128.87358145311177	0.16900022390414515	4.958633391153846	0.07861372302662685	0.015853975830805302	50.071381807692305	1.7563389453652511	0.035078357473866215
lake	otu	4	12275.21	657.4649346153847	129.0092610076447	0.19622365235648034	4.890350399423077	0.0935496261046862	0.01912950830420421	48.615257966923075	2.042515559063106	0.04201547552620138
lake	otu	5	11986.21	584.2863692307692	125.80587913390012	0.21531605749991742	4.8360731201923075	0.10569689650126789	0.021856004394058284	47.465017997884615	2.278369757768177	0.04800264039310683
lake	otu	6	11744.76	529.0309576923077	121.48061429311127	0.22962950767124019	4.790072768461538	0.1158572784618356	0.02418704093773103	46.49373971730769	2.4756481443921814	0.053248622067278296
lake	otu	7	11530.74	485.19791346153846	116.47139418765707	0.240049952716742	4.749835765576923	0.12421608506931794	0.02615174384077523	45.650759935192305	2.639999598613404	0.05783203912935096
lake	otu	8	11339.01	449.05225384615386	111.5645743741484	0.24844556572475873	4.7133872325	0.1315850872482361	0.027917384284747587	44.888974885192304	2.782030150426422	0.06197720601090934
lake	otu	9	11150.13	418.70507884615387	106.79089153353064	0.25505144421472303	4.680114875769231	0.13823449259373957	0.02953665340978276	44.19790077269231	2.907201176255425	0.06577846645622183
lake	otu	10	10983.81	392.6637346153846	102.22240746512139	0.2603307989458396	4.649305747115385	0.1442488990360618	0.031025996074395757	43.5588575225	3.018916868142191	0.0693081332701497
lake	otu	11	10818.91	370.08047307692306	97.90592060799123	0.2645535059010936	4.6205683	0.14989218356180206	0.03244032464352294	42.96328039942308	3.125136490928252	0.07274144004600948
marine	otu	1	133516	6724.175128571428	48.95578750858462	0.007280952396890522	5.0886974885714285	0.0061869832650414585	0.0012158328260821138	26.30088177857143	0.16922924006806656	0.006434362275600841
marine	otu	2	122803.74	1999.4287857142858	175.06511788494217	0.08755818590042568	4.711985341428571	0.01574678390262062	0.00334191662784837	23.521881172857142	0.1862158574394283	0.00791768567364488
marine	otu	3	120981.68	1459.4563285714285	156.2854323011182	0.10708458215417994	4.645329794285714	0.020431733096803826	0.004398393453654042	23.01586514	0.20763363167752058	0.009022462664471388
marine	otu	4	119722.19	1186.1494857142857	137.37111736648032	0.11581653132214303	4.600698451428571	0.02348659839271359	0.005105063926483381	22.673876758571428	0.22457787146220293	0.0099058158770271
marine	otu	5	118759.23	1015.0780714285714	120.20222423107802	0.118418372908063	4.566200912857143	0.025396194601115248	0.005561831898132633	22.407793388571427	0.23805914863347793	0.010625090948206855
marine	otu	6	117954.28	897.5295285714286	105.60679102021778	0.11766185947472171	4.538105828571428	0.026672870024402853	0.0058775908439118165	22.18883928142857	0.24945442783557464	0.011243688656368512
marine	otu	7	117257.14	811.5687	94.02745917595091	0.11585967027707653	4.514182227142857	0.02770381792104939	0.006137124214062933	21.999699555714287	0.2579258477253966	0.011725509503455286
marine	otu	8	116648.21	746.3605	85.02178218171314	0.11391536839494631	4.4935430342857146	0.028582889280723542	0.006360940133019521	21.834181744285715	0.2666375662621426	0.012213513356213136
marine	otu	9	116086.29	694.8368857142857	78.30717934445786	0.11269546567064671	4.4751612014285715	0.029539582130292362	0.006600830850348892	21.684046258571428	0.2748365650840098	0.012676163595612407
marine	otu	10	115567.89	652.7833857142857	73.10061481724046	0.11198111775679588	4.458543731428572	0.0304652583733469	0.0068330561111526016	21.547860411428573	0.2832773187805136	0.013147969825618451
marine	otu	11	115074.39	617.4022571428571	69.07725373670706	0.11188460747453124	4.443200454285714	0.03150134972576607	0.007089854908927144	21.420024317142857	0.29215788424880956	0.013640772546565458
mice	otu	1	1804	157.58293879310344	3.2180658298356786	0.02042140694833541	3.739253630862069	0.021002477308358768	0.005616755006190455	22.060934697011493	0.4457157662839311	0.020203810280240958
mice	otu	2	1698.16	128.51352873563218	8.565952654842711	0.06665481087314098	3.6385037990804596	0.03429174465475049	0.009424733360728835	20.929089950172415	0.49690469115681407	0.02374265596310926
mice	otu	3	1641.89	116.31472701149426	12.628184952244954	0.10856976600580766	3.5921865852586206	0.052768813418705846	0.014689960818117232	20.47196020091954	0.6240344728869467	0.03048291615759709
mice	otu	4	1589.19	106.73295775862069	15.269395899123637	0.14306184005945127	3.5505759377011494	0.07172934964049664	0.020202255181786092	20.06833188827586	0.7796654146451366	0.03885113623619367
mice	otu	5	1538.03	98.7707709770115	17.115550983794687	0.17328596537343846	3.510915729511494	0.09067998935052626	0.02582811241408337	19.684630438678163	0.9455904381462807	0.04803758374163335
mice	otu	6	1495.63	92.01748764367817	18.533007970889585	0.20140789973527867	3.4728491784770115	0.10941421859131188	0.0315057231665046	19.316904144913792	1.111292478403244	0.057530139115302775
mice	otu	7	1458.15	86.13019913793103	19.645521086765662	0.22809117288848962	3.435872472011494	0.1275974438893938	0.03713693678858502	18.96149945189655	1.2717700153777742	0.06707178017528898
mice	otu	8	1427.66	80.90368333333333	20.524839469861995	0.2536951619050516	3.39969761795977	0.1445931836596434	0.04253131337738681	18.614880369022988	1.4188056033519805	0.07621950807643398
mice	otu	9	1401.51	76.22016034482759	21.211743818184328	0.2782962842704689	3.3644603388505745	0.16050963853194528	0.04770753110472358	18.280427201666665	1.5546658872822818	0.08504598615675191
mice	otu	10	1376.93	71.99190603448275	21.70132431050544	0.3014419656058068	3.3302643420689657	0.17481097114080207	0.05249177028232845	17.958464568793104	1.673873203493469	0.09320867465416928
mice	otu	11	1357.07	68.14980603448276	22.05470533541223	0.32362183313542986	3.2970632304022987	0.18778728247042278	0.05695608463802216	17.648338690028737	1.7796560870716682	0.10084047501973287
peromyscus	otu	1	4464	629.3300954954955	8.171988823576559	0.012985138188275843	5.247836828378379	0.016888587206532375	0.003218205482568112	62.380320280810814	1.7788597822375518	0.028516489606432636
peromyscus	otu	2	3939.19	444.2552738738739	43.12272445873517	0.09706753169888085	5.024491393693694	0.061244610621015515	0.01218927396963168	54.6168758	2.4911696495400886	0.04561402493272396
peromyscus	otu	3	3661.77	370.23226576576576	55.53904204542284	0.15001189697204753	4.9053243536036035	0.09843953676372541	0.02006798799200711	50.86869913099099	3.37663918501929	0.06638210106556879
peromyscus	otu	4	3448.35	321.2041747747748	60.329071799774056	0.1878215787034934	4.807829017567568	0.1278157306693692	0.026585017474643532	47.92296531486487	4.03609391971297	0.0842230881662355
peromyscus	otu	5	3273.75	285.032209009009	61.83569301988481	0.2169430361428056	4.723075772162162	0.15188138055057407	0.032157451735911134	45.4665671490991	4.515697060080613	0.09932199254073493
peromyscus	otu	6	3121.5	256.8704873873874	61.842918041835766	0.2407556956676305	4.647482354774775	0.17252079954093003	0.03712147963907107	43.367356107837836	4.885526335629388	0.11265708734514829
peromyscus	otu	7	2981.76	233.88068198198198	61.140372841551	0.2614170629718625	4.577865248558559	0.19156424564064592	0.04184591317464542	41.51071201630631	5.201055270052799	0.12529692951957241
peromyscus	otu	8	2847.78	214.78472432432432	60.02159917556856	0.2794502626455959	4.5133042757657655	0.2094760578267876	0.04641319616879684	39.84890588747748	5.474019930243251	0.13737190982334374
peromyscus	otu	9	2732.43	198.6568009009009	58.738038395770324	0.2956760343772612	4.453084227477477	0.22649118419525655	0.05086184451610279	38.35370182387388	5.716990205211063	0.14906229782112668
peromyscus	otu	10	2629.07	184.75636036036036	57.35138954180501	0.3104164056179285	4.39607241981982	0.2426371418845012	0.05519430545182828	36.980317361081084	5.932932391953808	0.16043759194307497
peromyscus	otu	11	2531.07	172.67892882882882	55.957825686213276	0.3240570503723183	4.341919666756756	0.2585189016615167	0.05954047993200651	35.713729955495495	6.125469889999997	0.17151781027692586
rainforest	otu	1	4932	1217.049456521739	14.466132017185979	0.011886251588104642	5.915632625072464	0.017864830899896746	0.0030199431233293795	129.3919814772464	3.189654416862958	0.02465098975029322
rainforest	otu	2	3397.09	507.91751449275364	59.34118085427411	0.11683248005330558	5.206724273768116	0.08979838749269489	0.0172467161130476	83.66226651855072	5.3977896476922	0.06452081508563347
rainforest	otu	3	2949.63	360.7082202898551	60.926801209258024	0.16890862037138699	4.955914647536232	0.1199781063986225	0.024209190928568856	71.29517043246376	6.113571434549277	0.085752092185435
rainforest	otu	4	2672.34	286.93186956521737	58.09314357666966	0.2024635865572635	4.792195529855072	0.13843527975736133	0.02888779028948594	64.05016889884058	6.355637136978943	0.09923080665499108
rainforest	otu	5	2470.18	240.89288550724638	54.75104303798296	0.227282020768583	4.667857894927536	0.15245639271918857	0.03266102315644058	58.98437578811594	6.458559072745588	0.10949805256696105
rainforest	otu	6	2303.28	208.46195942028984	51.6972477499364	0.24799052644191705	4.565322992898551	0.16458742918836078	0.036051813535552805	55.094634883768116	6.511300652589708	0.11818654684929611
rainforest	otu	7	2171.82	184.04193333333333	49.14298558989786	0.267018454726162	4.476828732608696	0.17578340992132258	0.03926538187343191	51.92945653753623	6.563908247172083	0.12640272324992244
rainforest	otu	8	2059.68	164.96622898550726	46.90559271432216	0.2843336268622066	4.398860227246376	0.18579024433709648	0.04223622042177781	49.27974523289855	6.590353147160774	0.13373575899810666
rainforest	otu	9	1969.6	149.4256579710145	44.91048505553551	0.30055306844862106	4.328477135362319	0.194654318896548	0.044970853955055824	46.99758006217392	6.60681213521428	0.14058102015603482
rainforest	otu	10	1889.5	136.46933623188406	43.00478224842818	0.3151232350612962	4.263694847971014	0.20265784277749135	0.047531343269122416	44.98426507405797	6.613052002991494	0.14701215551273925
rainforest	otu	11	1815.3	125.54715362318841	41.23860451557816	0.3284705307750688	4.203846295942029	0.21003368634158984	0.04996254541880598	43.191248476666665	6.603580357231189	0.15289528389856388
rice	otu	1	2776	1464.3462553061224	6.830979652888723	0.00466486670710018	6.846430627877551	0.008714514776460392	0.00127285529684408	581.6263916632041	12.27519123437352	0.021104946778076984
rice	otu	2	1205.59	654.3140524489796	61.28987161155516	0.09364895015270733	6.137644803510204	0.13020728563117098	0.021214200982603564	382.36143565257146	54.865538047277326	0.1434917520759117
rice	otu	3	786.15	440.7475995918367	57.34337532386744	0.13002747888572502	5.785491458408163	0.18883385291969781	0.032637724193644455	314.3116280252449	63.5364274433927	0.2021449198691469
rice	otu	4	569.37	329.0658806122449	49.25973085571191	0.14954836572346125	5.522374940653061	0.2248827036442052	0.04071868622394334	272.4665328270408	65.21482239788745	0.23934982739762387
rice	otu	5	425.92	255.07297897959182	41.00630426734057	0.1604847328608564	5.293097233591837	0.24955751356117686	0.04713995392868182	243.13437002165307	65.00060950151979	0.2673442677275406
rice	otu	6	327.61	203.34741285714287	34.05679330939548	0.16709704318048466	5.088134854877551	0.26799601773769915	0.05265889205086987	221.10495247859183	64.13456638293107	0.2900625491970637
rice	otu	7	255.65	164.49530265306123	28.210978673193203	0.17089437342296263	4.895030733755102	0.2821819150403729	0.05762576242439325	204.0028742957551	63.16682063383991	0.3096338950891095
rice	otu	8	203.58	135.33045714285714	23.56604427011539	0.1731992822490238	4.715114130102041	0.2935184649655924	0.06221311362148967	190.3096739182857	62.22972725055565	0.32698029294805997
rice	otu	9	165.81	113.37197081632652	19.991398670313803	0.17518619308672012	4.550402710530612	0.304233106570516	0.06680897573597555	179.03607341679592	61.536178443165454	0.34367843629795564
rice	otu	10	134.53	94.7327812244898	16.75756676797986	0.17537125838713902	4.382234959530612	0.3115980041288767	0.07103487856293932	170.08579548897958	61.27128363089863	0.36014333728431003
rice	otu	11	110.87	80.09173795918367	14.217044180337078	0.1756247638134054	4.223243215591837	0.3190156402700441	0.07545288616649576	163.11460972059183	61.58457840722673	0.3772956646206887
seagrass	otu	1	1803	815.3800653846154	7.567359738798745	0.00928077782359252	6.017668971118881	0.01806293702306593	0.003001648403267272	158.0453511797902	6.215854493364797	0.039329313848734046
seagrass	otu	2	952.63	331.94527027972026	43.44763352529206	0.13087010808462116	5.150845408426574	0.15312091910016618	0.02972726514340841	83.48801720104895	11.144752317560576	0.13349145411307223
seagrass	otu	3	757.65	242.6156716783217	44.48911410341523	0.18332840883007448	4.86574885034965	0.21000163071759945	0.04315882780004204	68.5278230508042	12.062122881023805	0.17601949917366463
seagrass	otu	4	646.08	196.80448426573426	42.63788084049885	0.21656494286104766	4.676413196328672	0.24774906560112553	0.05297774529962435	60.05073054552447	12.254508321457902	0.20407109833404521
seagrass	otu	5	567.64	167.3756493006993	40.44291361354763	0.24150957590184138	4.529948957622378	0.2779338664285058	0.06135377966236326	54.220533024895104	12.285313762743897	0.2265821359943132
seagrass	otu	6	505.89	146.13466223776223	38.14868620065773	0.2609260350123213	4.407511869895105	0.30267005443778905	0.06867044408278893	49.80543336325175	12.221808530541745	0.2453923709334976
seagrass	otu	7	455.73	129.86499020979022	35.95455224540514	0.27670986913017787	4.300732725979021	0.3242859812005559	0.07540124463839055	46.257112105734265	12.10917894581026	0.2617811022964069
seagrass	otu	8	416.88	117.24281153846154	34.09593495892522	0.29060873003865945	4.20668804562937	0.3441020671372865	0.08179675368583558	43.299464052622376	11.966674267006422	0.2763712499588803
seagrass	otu	9	380.56	106.53314860139861	32.18712773370741	0.3019181028621519	4.119169990944056	0.36284656984183616	0.08808516027182697	40.77933108017483	11.831754560389395	0.2901418655071804
seagrass	otu	10	351.27	97.74669055944057	30.5746007829989	0.3125060613401116	4.039172114755245	0.38081636943731606	0.09427798131669869	38.58062148479021	11.684351169829686	0.30285620284088666
seagrass	otu	11	324.27	90.16179685314685	29.020092673052172	0.3215571756975576	3.964241296223776	0.39793536592153955	0.10037837745489449	36.66126319839161	11.526042518387074	0.3143938981620388
sediment	otu	1	7685	1297.2642827586208	14.934287140601807	0.011512108295384772	5.014887348965518	0.020926149895349532	0.004172811985859826	18.29913538172414	0.4437148712257648	0.024247722073557094
sediment	otu	2	6210.62	688.7695586206896	108.82125176860077	0.15799525964767386	4.505430417586207	0.11941537958040054	0.026504966402625715	14.685399706724137	0.8652207996195549	0.05892006867608577
sediment	otu	3	5644.38	471.61807068965516	114.05540795029809	0.24183903668318804	4.220886005	0.16726744525001663	0.03962874114064172	12.920788536551724	1.0431801642161977	0.08073957040001174
sediment	otu	4	5315.64	357.88527068965516	103.88518532620805	0.2902746338926979	4.02484655	0.18910793656254604	0.046985400187729356	11.806940270517241	1.0889472916236487	0.09223244972119136
sediment	otu	5	5088.2	288.9396344827586	92.17008345939253	0.31899432861242616	3.8788612541379313	0.19981777003423792	0.05151473884807814	11.02532626	1.0911851282859701	0.0989728553007784
sediment	otu	6	4922	243.13695	81.7324119540745	0.3361577758545739	3.764052496551724	0.20535932458025047	0.05455833050037766	10.436331452068966	1.077059890873047	0.10320523643812944
sediment	otu	7	4785.38	210.77421551724137	73.02957312887418	0.3464833565243658	3.6701134651724137	0.20875640610511068	0.05688046088175847	9.969944159655173	1.059492625685517	0.10627142160406824
sediment	otu	8	4668.9	186.67868275862068	66.02848924015042	0.35370013422511964	3.590396811034483	0.21159814031637136	0.05893491788397902	9.585517547068966	1.0416690642462931	0.10867400104534147
sediment	otu	9	4569.38	168.04044137931035	60.2566084087463	0.3585834390960868	3.5214263675862068	0.21384762783997052	0.06072817663205075	9.261845189655173	1.0239219162064157	0.11055578859924815
sediment	otu	10	4474.97	153.16255172413793	55.44589685574463	0.36200510286650583	3.4604394598275863	0.21632341039584974	0.06251385895434375	8.983258643965517	1.0091133142263455	0.11233567996229013
sediment	otu	11	4390.77	140.96806379310345	51.35225298326163	0.36428356794474664	3.4056039713793105	0.21852143560572054	0.0641658959439576	8.73888533637931	0.9940612565679865	0.11375445582830838
soil	otu	1	47806	7153.505277777778	55.72492553544785	0.0077897584508863525	6.439643193333334	0.01139920223635918	0.0017701581778224306	81.04418069444445	1.3133083612942011	0.016204592681525323
soil	otu	2	36683.53	1792.230088888889	79.85743378589348	0.044557271617477856	5.484787466666667	0.020652966837312235	0.003765509798593667	52.13807538388889	0.9470497856025689	0.018164583516022095
soil	otu	3	34597.19	1175.4811833333333	63.75982737994992	0.05424245824833154	5.263180248888889	0.025970467415359175	0.004934398811769345	47.14506777611111	0.9312640216073895	0.01975328953902138
soil	otu	4	33235.64	888.0197277777778	50.649943031410935	0.057035946106625435	5.114986253333333	0.028725339909412964	0.00561592354959119	43.98067274722222	0.9144631664966802	0.020792888271067483
soil	otu	5	32189.24	719.3316944444445	43.31047469021944	0.06020852173078763	5.001361214444445	0.03146091446539172	0.006290478411271099	41.631693810555554	0.9107578270085728	0.021877238322415758
soil	otu	6	31331.69	606.8497777777778	38.29157088893555	0.06309810624639474	4.908030687777778	0.03368587181994293	0.006863421676085841	39.75140613944444	0.9067200864012089	0.022810319914840477
soil	otu	7	30600.59	524.5463333333333	34.37512431538992	0.06553511393897656	4.827015037777778	0.035669927638114725	0.007389701358852343	38.15750593611111	0.905077466600693	0.023720767211342184
soil	otu	8	29960.02	461.74935555555555	31.174698852439622	0.06751596288927496	4.755571611666666	0.037030502347372006	0.007786829107630923	36.78321663	0.9017894471269187	0.024517687051218918
soil	otu	9	29392.74	412.3199888888889	28.605324547975464	0.06937718987482017	4.691693966666667	0.03829271962568393	0.008161838714294494	35.58308594444444	0.8940506788133915	0.025126541783006436
soil	otu	10	28883.97	372.225	25.929410094867954	0.06966547056420451	4.633936140555556	0.038650222072369234	0.008340807243836793	34.52332251055556	0.8751388120861879	0.02535058723231194
soil	otu	11	28432.67	339.36	23.720903287737194	0.06989966325847065	4.581667213333334	0.03892117081982997	0.008495042097890476	33.58972698944444	0.857753098320865	0.02553701676049504
stream	otu	1	9175	2839.9212890547265	13.459115016579041	0.004739264806399192	5.931269770696518	0.011192597577634295	0.0018870494780197109	46.43574017572139	0.5130420145332202	0.011048457566195623
stream	otu	2	6082.7	1117.5313890547263	165.05687664400426	0.1476969533483728	4.9408481228358205	0.16480003646491245	0.03335463986004762	29.688375206019902	2.184780483641317	0.0735907729410861
stream	otu	3	5521.94	814.6757462686567	160.47773810457315	0.19698213751913735	4.659913585273632	0.1930044006718744	0.04141805687775333	26.271651382288557	2.2164961502908525	0.08436861931054151
stream	otu	4	5214.5	667.6282830845771	151.10535943204442	0.22632959562996394	4.498794206368159	0.20559296981548195	0.04569962195224534	24.497732919353233	2.1956700824776867	0.08962776241918897
stream	otu	5	4992.98	574.6286895522388	142.21153687840206	0.24748161573556648	4.3847265664179105	0.21341135017641272	0.04867158542239898	23.313014183084576	2.1725519824869575	0.09319084969669572
stream	otu	6	4813.98	508.5080791044776	134.16211951974864	0.2638314202167066	4.296026442139303	0.2189408940815859	0.05096362989537178	22.427421542288556	2.1500646178400826	0.09586797681057399
stream	otu	7	4664.76	458.5421298507463	127.06335764384814	0.27709956124510837	4.22343988562189	0.22337020174308325	0.05288826379558704	21.724819363532337	2.1296368793703824	0.09802809787322428
stream	otu	8	4537.15	419.08921741293534	120.79796486899946	0.2882351206947366	4.161837111890547	0.22721967711818208	0.05459605958576279	21.14302965039801	2.1128533687149536	0.09993168339068143
stream	otu	9	4430.91	387.14674975124376	115.31596120808581	0.2978556249758247	4.108556993383084	0.2305637039445062	0.05611798918637033	20.650615006616917	2.0981608372153855	0.10160308610551891
stream	otu	10	4335.42	360.52330597014924	110.44595603970436	0.30634408764513704	4.0614012771144274	0.23383684472483607	0.05757548748715964	20.222531684378108	2.086336927762222	0.10316923987686008
stream	otu	11	4255.52	338.01603781094525	106.18207568267155	0.31412845574831727	4.019264975074627	0.23690495394950456	0.05894245980755452	19.846050647412934	2.0775313173437264	0.10468271625374564
